product,model
gas_splits,CAPEA2418B3
gas_splits,CAPEA2418C3
gas_splits,CAPEA3022B3
gas_splits,CAPEA3022C3
gas_splits,CAPEA3626B3
gas_splits,CAPEA3626C3
gas_splits,CAPEA3626D3
gas_splits,CAPEA4830C3
gas_splits,CAPEA4830D3
gas_splits,CAPEA6030C3
gas_splits,CAPEA6030D3
gas_splits,CAPTA2422A3
gas_splits,CAPTA2422B3
gas_splits,CAPTA2422C3
gas_splits,CAPTA3022A3
gas_splits,CAPTA3022B3
gas_splits,CAPTA3022C3
gas_splits,CAPTA3026B3
gas_splits,CAPTA3026C3
gas_splits,CAPTA3626B3
gas_splits,CAPTA3626C3
gas_splits,CAPTA4230C3
gas_splits,CAPTA4230D3
gas_splits,CAPTA6030C3
gas_splits,CAPTA6030D3
gas_splits,CHPEA2422B3
gas_splits,CHPEA3026B3
gas_splits,CHPEA3026C3
gas_splits,CHPEA3626B3
gas_splits,CHPEA3626C3
gas_splits,CHPEA4830C3
gas_splits,CHPEA4830D3
gas_splits,CHPEA6030C3
gas_splits,CHPEA6030D3
gas_splits,CHPTA2426B3
gas_splits,CHPTA2426C3
gas_splits,CHPTA3026B3
gas_splits,CHPTA3026C3
gas_splits,CHPTA3630B3
gas_splits,CHPTA3630C3
gas_splits,CHPTA4230C3
gas_splits,CHPTA4830C3
gas_splits,CHPTA6030D3
gas_splits,DM80VC0603BN
gas_splits,DM80VC0604BN
gas_splits,DM80VC0803BN
gas_splits,DM80VC0804CN
gas_splits,DM80VC0805CN
gas_splits,DM80VC0805DN
gas_splits,DM80VC1005CN
gas_splits,DM96VC0403BN
gas_splits,DM96VC0603BN
gas_splits,DM96VC0803BN
gas_splits,DM96VC0804CN
gas_splits,DM96VC1005CN
gas_splits,DM96VC1005DN
gas_splits,DM96VC1205DN
gas_splits,DR80TC0603BN
gas_splits,DR80TC0604BN
gas_splits,DR80TC0803BN
gas_splits,DR80TC0804CN
gas_splits,DR80TC0805CN
gas_splits,DR80TC0805DN
gas_splits,DR80TC1005CN
gas_splits,DR80TN0403AN
gas_splits,DR80TN0603BN
gas_splits,DR80TN0803BN
gas_splits,DR80TN0805CN
gas_splits,DR80TN1005CN
gas_splits,DR92SN0403AN
gas_splits,DR92SN0603BN
gas_splits,DR92SN0803BN
gas_splits,DR92SN0804CN
gas_splits,DR92SN0805CN
gas_splits,DR92SN1004CN
gas_splits,DR92SN1005CN
gas_splits,DR92SN1205DN
gas_splits,DR96SN0403AN
gas_splits,DR96SN0603BN
gas_splits,DR96SN0803BN
gas_splits,DR96SN0804CN
gas_splits,DR96SN0805CN
gas_splits,DR96SN1005CN
gas_splits,DR96SN1205DN
gas_splits,DR96TC0403BN
gas_splits,DR96TC0603BN
gas_splits,DR96TC0803BN
gas_splits,DR96TC0804CN
gas_splits,DR96TC1005CN
gas_splits,DR96TC1005DN
gas_splits,DR96TC1205DN
gas_splits,DR96TN0303AN
gas_splits,DR96TN0403AN
gas_splits,DR96TN0603AN
gas_splits,DR96TN0603BN
gas_splits,DR96TN0803BN
gas_splits,DR96TN0804CN
gas_splits,DR96TN1004CN
gas_splits,DR96TN1005CN
gas_splits,DR96TN1205DN
gas_splits,DR97MC0603BN
gas_splits,DR97MC0803BN
gas_splits,DR97MC0804CN
gas_splits,DR97MC1005CN
gas_splits,DR97MC1205DN
multi_position_splits,AMST24BU1300
multi_position_splits,AMST30BU1300
multi_position_splits,AMST36CU1300
multi_position_splits,AMST42CU1300
multi_position_splits,AMST48CU1300
multi_position_splits,AMST60DU1300
multi_position_splits,DAQ09033
multi_position_splits,DAQ09034
multi_position_splits,DAQ12033
multi_position_splits,DAQ12034
multi_position_splits,DC4SEA1810
multi_position_splits,DC4SEA2410
multi_position_splits,DC4SEA3010
multi_position_splits,DC4SEA3610
multi_position_splits,DC4SEA4210
multi_position_splits,DC4SEA4810
multi_position_splits,DC4SEA6010
multi_position_splits,DC5SEA1810
multi_position_splits,DC5SEA2410
multi_position_splits,DC5SEA3010
multi_position_splits,DC5SEA3610
multi_position_splits,DC5SEA4210
multi_position_splits,DC5SEA4810
multi_position_splits,DC5SEA6010
multi_position_splits,DC6TE09030
multi_position_splits,DC6TE09040
multi_position_splits,DC6TE12030
multi_position_splits,DC6TE12040
multi_position_splits,DC7TCA2410
multi_position_splits,DC7TCA3610
multi_position_splits,DC7TCA4810
multi_position_splits,DC7TCA6010
multi_position_splits,DFVE24BP1300
multi_position_splits,DFVE36CP1300
multi_position_splits,DFVE42CP1300
multi_position_splits,DFVE48CP0300
multi_position_splits,DFVE48DP1300
multi_position_splits,DFVE60DP1300
multi_position_splits,DH4SEA1810
multi_position_splits,DH4SEA2410
multi_position_splits,DH4SEA3010
multi_position_splits,DH4SEA3610
multi_position_splits,DH4SEA4210
multi_position_splits,DH4SEA4810
multi_position_splits,DH4SEA6010
multi_position_splits,DH5SEA1810
multi_position_splits,DH5SEA2410
multi_position_splits,DH5SEA3010
multi_position_splits,DH5SEA3610
multi_position_splits,DH5SEA4210
multi_position_splits,DH5SEA4810
multi_position_splits,DH5SEA6010
multi_position_splits,DH7TCA2410
multi_position_splits,DH7TCA3610
multi_position_splits,DH7TCA4810
multi_position_splits,DH7TCA6010
multi_position_splits,DH9VSA241C
multi_position_splits,DH9VSA361C
multi_position_splits,DMVT30BP1300
multi_position_splits,DMVT42CP1300
multi_position_splits,DMVT60DP1300
marvair,MGH3090AA
marvair,MGH3090AC
marvair,MGH3090AD
marvair,MGH3120AA
marvair,MGH3120AC
marvair,MGH3120AD
marvair,MGH3150AC
marvair,MGH3150AD
marvair,MGH3180AC
marvair,MGH3180AD
vfds,ABB ACH580-BCR-012A-4+B058
vfds,ABB ACH580-BCR-012A-4+B058+E211
vfds,ABB ACH580-BCR-012A-4+E211
vfds,ABB ACH580-BCR-014A-4+B058
vfds,ABB ACH580-BCR-014A-4+B058+E211
vfds,ABB ACH580-BCR-014A-4+E211
vfds,ABB ACH580-BCR-023A-4+B058
vfds,ABB ACH580-BCR-023A-4+B058+E211
vfds,ABB ACH580-BCR-023A-4+E211
vfds,ABB ACH580-BCR-027A-4+B058
vfds,ABB ACH580-BCR-027A-4+B058+E211
vfds,ABB ACH580-BCR-027A-4+E211
vfds,ABB ACH580-BCR-02A1-4+B058
vfds,ABB ACH580-BCR-02A1-4+B058+E211
vfds,ABB ACH580-BCR-02A1-4+E211
vfds,ABB ACH580-BCR-034A-4+B058
vfds,ABB ACH580-BCR-034A-4+B058+E211
vfds,ABB ACH580-BCR-034A-4+E211
vfds,ABB ACH580-BCR-03A0-4+B058
vfds,ABB ACH580-BCR-03A0-4+B058+E211
vfds,ABB ACH580-BCR-03A0-4+E211
vfds,ABB ACH580-BCR-03A5-4+B058
vfds,ABB ACH580-BCR-03A5-4+B058+E211
vfds,ABB ACH580-BCR-03A5-4+E211
vfds,ABB ACH580-BCR-044A-4+B058
vfds,ABB ACH580-BCR-044A-4+B058+E211
vfds,ABB ACH580-BCR-044A-4+E211
vfds,ABB ACH580-BCR-04A8-4+B058
vfds,ABB ACH580-BCR-04A8-4+B058+E211
vfds,ABB ACH580-BCR-04A8-4+E211
vfds,ABB ACH580-BCR-052A-4+B058
vfds,ABB ACH580-BCR-052A-4+B058+E211
vfds,ABB ACH580-BCR-052A-4+E211
vfds,ABB ACH580-BCR-065A-4+B058
vfds,ABB ACH580-BCR-065A-4+B058+E211
vfds,ABB ACH580-BCR-065A-4+E211
vfds,ABB ACH580-BCR-077A-4+B058
vfds,ABB ACH580-BCR-077A-4+B058+E211
vfds,ABB ACH580-BCR-077A-4+E211
vfds,ABB ACH580-BCR-07A6-4+B058
vfds,ABB ACH580-BCR-07A6-4+B058+E211
vfds,ABB ACH580-BCR-07A6-4+E211
vfds,ABB ACH580-BCR-096A-4
vfds,ABB ACH580-BCR-096A-4+B058
vfds,ABB ACH580-BCR-096A-4+B058+E211
vfds,ABB ACH580-BCR-096A-4+E211
vfds,ABB ACH580-BCR-124A-4
vfds,ABB ACH580-BCR-124A-4+B058
vfds,ABB ACH580-BCR-124A-4+B058+E211
vfds,ABB ACH580-BCR-124A-4+E211
vfds,ABB ACH580-BCR-156A-4
vfds,ABB ACH580-BCR-156A-4+B058
vfds,ABB ACH580-BCR-156A-4+B058+E211
vfds,ABB ACH580-BCR-156A-4+E211
vfds,ABB ACH580-BCR-180A-4
vfds,ABB ACH580-BCR-180A-4+B058
vfds,ABB ACH580-BCR-180A-4+B058+E211
vfds,ABB ACH580-BCR-180A-4+E211
vfds,ABB ACH580-BCR-240A-4
vfds,ABB ACH580-BCR-240A-4+B058
vfds,ABB ACH580-BCR-240A-4+B058+E211
vfds,ABB ACH580-BCR-240A-4+E211
vfds,ABB ACH580-BCR-302A-4
vfds,ABB ACH580-BCR-302A-4+B058
vfds,ABB ACH580-BCR-302A-4+B058+E211
vfds,ABB ACH580-BCR-302A-4+E211
vfds,ABB ACH580-BCR-361A-4
vfds,ABB ACH580-BCR-361A-4+B058
vfds,ABB ACH580-BCR-361A-4+B058+E211
vfds,ABB ACH580-BCR-361A-4+E211
vfds,ABB ACH580-BCR-414A-4
vfds,ABB ACH580-BCR-414A-4+B058
vfds,ABB ACH580-BCR-414A-4+B058+E211
vfds,ABB ACH580-BCR-414A-4+E211
vfds,ABB ACH580-PCR-012A-4
vfds,ABB ACH580-PCR-012A-4+B058
vfds,ABB ACH580-PCR-012A-4+B058+E211
vfds,ABB ACH580-PCR-012A-4+E211
vfds,ABB ACH580-PCR-014A-4
vfds,ABB ACH580-PCR-014A-4+B058
vfds,ABB ACH580-PCR-014A-4+B058+E211
vfds,ABB ACH580-PCR-014A-4+E211
vfds,ABB ACH580-PCR-023A-4
vfds,ABB ACH580-PCR-023A-4+B058
vfds,ABB ACH580-PCR-023A-4+B058+E211
vfds,ABB ACH580-PCR-023A-4+E211
vfds,ABB ACH580-PCR-027A-4
vfds,ABB ACH580-PCR-027A-4+B058
vfds,ABB ACH580-PCR-027A-4+B058+E211
vfds,ABB ACH580-PCR-027A-4+E211
vfds,ABB ACH580-PCR-02A1-4
vfds,ABB ACH580-PCR-02A1-4+B058
vfds,ABB ACH580-PCR-02A1-4+B058+E211
vfds,ABB ACH580-PCR-02A1-4+E211
vfds,ABB ACH580-PCR-034A-4
vfds,ABB ACH580-PCR-034A-4+B058
vfds,ABB ACH580-PCR-034A-4+B058+E211
vfds,ABB ACH580-PCR-034A-4+E211
vfds,ABB ACH580-PCR-03A0-4
vfds,ABB ACH580-PCR-03A0-4+B058
vfds,ABB ACH580-PCR-03A0-4+B058+E211
vfds,ABB ACH580-PCR-03A0-4+E211
vfds,ABB ACH580-PCR-03A5-4
vfds,ABB ACH580-PCR-03A5-4+B058
vfds,ABB ACH580-PCR-03A5-4+B058+E211
vfds,ABB ACH580-PCR-03A5-4+E211
vfds,ABB ACH580-PCR-044A-4
vfds,ABB ACH580-PCR-044A-4+B058
vfds,ABB ACH580-PCR-044A-4+B058+E211
vfds,ABB ACH580-PCR-044A-4+E211
vfds,ABB ACH580-PCR-04A8-4
vfds,ABB ACH580-PCR-04A8-4+B058
vfds,ABB ACH580-PCR-04A8-4+B058+E211
vfds,ABB ACH580-PCR-04A8-4+E211
vfds,ABB ACH580-PCR-052A-4
vfds,ABB ACH580-PCR-052A-4+B058
vfds,ABB ACH580-PCR-052A-4+B058+E211
vfds,ABB ACH580-PCR-052A-4+E211
vfds,ABB ACH580-PCR-065A-4
vfds,ABB ACH580-PCR-065A-4+B058
vfds,ABB ACH580-PCR-065A-4+B058+E211
vfds,ABB ACH580-PCR-065A-4+E211
vfds,ABB ACH580-PCR-077A-4
vfds,ABB ACH580-PCR-077A-4+B058
vfds,ABB ACH580-PCR-077A-4+B058+E211
vfds,ABB ACH580-PCR-077A-4+E211
vfds,ABB ACH580-PCR-07A6-4
vfds,ABB ACH580-PCR-07A6-4+B058
vfds,ABB ACH580-PCR-07A6-4+B058+E211
vfds,ABB ACH580-PCR-07A6-4+E211
vfds,ABB ACH580-PCR-096A-4
vfds,ABB ACH580-PCR-096A-4+B058
vfds,ABB ACH580-PCR-096A-4+B058+E211
vfds,ABB ACH580-PCR-096A-4+E211
vfds,ABB ACH580-PCR-124A-4
vfds,ABB ACH580-PCR-124A-4+B058
vfds,ABB ACH580-PCR-124A-4+B058+E211
vfds,ABB ACH580-PCR-124A-4+E211
vfds,ABB ACH580-PCR-156A-4
vfds,ABB ACH580-PCR-156A-4+B058
vfds,ABB ACH580-PCR-156A-4+B058+E211
vfds,ABB ACH580-PCR-156A-4+E211
vfds,ABB ACH580-PCR-180A-4
vfds,ABB ACH580-PCR-180A-4+B058
vfds,ABB ACH580-PCR-180A-4+B058+E211
vfds,ABB ACH580-PCR-180A-4+E211
vfds,ABB ACH580-PCR-240A-4
vfds,ABB ACH580-PCR-240A-4+B058
vfds,ABB ACH580-PCR-240A-4+B058+E211
vfds,ABB ACH580-PCR-240A-4+E211
vfds,ABB ACH580-PCR-302A-4
vfds,ABB ACH580-PCR-302A-4+B058
vfds,ABB ACH580-PCR-302A-4+B058+E211
vfds,ABB ACH580-PCR-302A-4+E211
vfds,ABB ACH580-PCR-361A-4
vfds,ABB ACH580-PCR-361A-4+B058
vfds,ABB ACH580-PCR-361A-4+B058+E211
vfds,ABB ACH580-PCR-361A-4+E211
vfds,ABB ACH580-PCR-414A-4
vfds,ABB ACH580-PCR-414A-4+B058
vfds,ABB ACH580-PCR-414A-4+B058+E211
vfds,ABB ACH580-PCR-414A-4+E211
vfds,ABB ACH580-VCR-012A-4
vfds,ABB ACH580-VCR-014A-4
vfds,ABB ACH580-VCR-023A-4
vfds,ABB ACH580-VCR-027A-4
vfds,ABB ACH580-VCR-02A1-4
vfds,ABB ACH580-VCR-034A-4
vfds,ABB ACH580-VCR-03A0-4
vfds,ABB ACH580-VCR-03A5-4
vfds,ABB ACH580-VCR-044A-4
vfds,ABB ACH580-VCR-04A8-4
vfds,ABB ACH580-VCR-052A-4
vfds,ABB ACH580-VCR-065A-4
vfds,ABB ACH580-VCR-077A-4
vfds,ABB ACH580-VCR-07A6-4
